{"intents": [
        {"tag": "greeting",
         "patterns": ["Hi","hii","hai","How are you", "Is anyone there?", "Hello", "Good day"],
         "responses": ["Hello, thanks for visiting", "Good to see you again", "Hi there, how can I help?"],
         "context_set": ""
        },
        {"tag": "goodbye",
         "patterns": ["Bye", "See you later", "Goodbye"],
         "responses": ["See you later, thanks for visiting", "Have a nice day", "Bye! Come back again soon."]
        },
        {"tag": "thanks",
         "patterns": ["Thanks", "Thank you", "That's helpful"],
         "responses": ["Happy to help!", "Any time!", "My pleasure"]
        },
        {"tag": "about college",
         "patterns": ["say some thing about college","about college","tell me about college"],
         "responses": ["Sushila Devi Bansal College of Technology is a private university in Indore, India mainly offering graduate and post-graduate courses in engineering and management programmes. It is an institute of the Bansal Group. It was established in 2005."],
         "context_filter": ""
        },
        {"tag": "eastablished",
         "patterns": ["when college eastablished"],
         "responses": ["Sushila Devi Bansal College of Technology (SDBCT), Indore came into existence in 2005. The college is an integral part of Bansal Group of Institutes."]
        },
       {"tag": "Address",
         "patterns": ["Address","Address of college", "what is the Address", "where the college is situated"],
         "responses": ["Near, Agra Bombay Rd, Rau, Umariya, Madhya Pradesh 453331"]
        },  
        {"tag": "HOD",
         "patterns": ["who is hod","name of hod","hod"],
         "responses": ["ask by department name like- CSE,IT,EC,ME,CIVIL,MBA","department wise there are several people EX:- CSE,IT,EC,ME,CIVIL,MBA"]
        },
        {"tag": "cse",
         "patterns": ["who is the hod of cse","CSE hod","hod of cse","name of the hod of cse","cse hod name","cs hod"],
         "responses": ["Mrs. Reetu Gupta Ph.D (Pur), M.E.(Computer Engg), B.E.(CSE)"]
        },
        {"tag": "it",
         "patterns": ["who is the hod of it"," it hod","hod of it","name of the hod of it","it hod "],
         "responses": ["Mrs. Neha Sehta M.E , BE"]
        },
        {"tag": "me",
         "patterns": ["who is hod of me"," me hod","hod of me","name of hod of me","me hod"],
         "responses": ["Mr. Sanjay Kulkarni B.E., M.E."]
        },
        {"tag": "civil",
         "patterns": ["who is hod of civil"," civil hod","hod of civil","name of hod of civil","civil hod"],
         "responses": ["Mr. Kishore Patil Ph.D (Pur), M.E.(Structural Engg.), B.E.(Civil)"]
        },
        {"tag": "ec",
         "patterns": ["who is hod of ec"," ec hod","hod of civil","name of hod of ec","ec hod "],
         "responses": ["Mr. Deepak Sharma M.Tech., BE"]
        },
        {"tag": "mba",
         "patterns": ["who is hod of mba"," MBA hod","hod of mba","name of hod of mba","mba hod"],
         "responses": ["Dr. Indu Bhargava Ph.D., MBA, M.A. (Psychology)"]
        },
        {"tag": "director",
         "patterns": ["who is director of sdbct"," Director","director of sdbct","name of director of sdbct","sdbct director"],
         "responses": ["Dr.Nirmal Dagdee"]
        },{"tag": "Affilations",
         "patterns": ["Affilations from"," affilated with","college affilated","sdbct affilated with","sdbct Affilations"],
         "responses": ["Rajiv Gandhi Proudyogiki Vishwavidyalaya, Devi Ahilya Vishwavidyalaya."]
        },
        {"tag": "cgt Cell",
         "patterns": ["About cgt Cell"," what is cgt cell"],
         "responses": ["career guidance and training cell. head of CGT cell is Mr. Ajitabh Mahalkari"]
        },
        {"tag": "chairman",
         "patterns": ["name of chairman"," chairman of sdbct","chairman of college","who is chairman of sdbct"],
         "responses": ["Shri Anil Bansal."]
        },
        {"tag": "established built",
         "patterns": ["when was college established","when college came in exsistence","college established"],
         "responses": ["Sushila Devi Bansal College of Technology (SDBCT), Indore came into existence in 2005. The college is an integral part of Bansal Group of Institutes."]
        },
        {"tag": "vision ",
         "patterns": ["vision of college"," vision of sdbct","what is vision of sdbct","tell me vision of college"],
         "responses": ["Our Vision is to become a leader in Technical and Professional education and a center for creativity and innovation."]
        },
        {"tag": "mission ",
         "patterns": ["mission of college"," mission of sdbct","what is mission of sdbct","tell me mission of college"],
         "responses": ["Our Mission is to explore the creative and innovative skills and facilitate the students to develop into competent professionals to face the challenges of the ever changing world."]
        },
        {"tag": "about director",
         "patterns": ["about director of sdbct"," about Director","tell me about director"],
         "responses": ["Dr. N. Dagdee, ex Professor & Head, Dept of Computer Engg at SGSITS joined as Director, SDBCT in 2006 sending ripples of great pride and pleasure throughout the institute. His vast experience in teaching, research and administration enlightens and guides the students as well as the faculty at SDBCT."]
        },
        {"tag": "courses offered",
         "patterns": ["courses offered by sdbct"," available courses","how many courses offered by college","courses offered"],
         "responses": ["Under Graduate(Bachelor of Engineering) and Post Graduate Courses"]
        },
        {"tag": "ug courses offered",
         "patterns": ["ug courses","ug courses offered by sdbct"," available ug courses","how many ug courses offered by college","ug courses"],
         "responses": ["Computer Science & Enggineering ,Information Technology,Electronics & Comm. Engg. ,Mechanical Engineering,Civil Engineering"]
        },
        {"tag": "pg courses offered",
         "patterns": ["pg courses","pg courses offered by sdbct"," available pg courses","how many pg courses offered by college","pg courses"],
         "responses": ["Master of Engg.(Computer Science)","Master of Engg.(Electonics & Comm. Spl.in Digital Electronics","Master of Engg(Mechanical - Spl. in Thermal and Design)","Master of Business Administration"]
        },
        {"tag": "admission process be ",
         "patterns": ["admission process be","how to take admission in BE","tell me process of admission in be"],
         "responses": ["Admissions in B.E. courses are done by Directorate of Technical Education(DTE), Bhopal as per JEE(Main) rules issued by CBSE, New Delhi. Website: http://www.jeemain.nic.in . Admissions through lateral entry directly into 2nd year B.E. are done by Directorate of Technical Education, Bhopal.For more details visit Website: http://www.mponline.gov.in/, http://dtempcounselling.org"]
        },
        {"tag": "admission process mba ",
         "patterns": ["admission process mba","how to take admission in mba","tell me process of admission in mba"],
         "responses": ["Admissions to MBA Courses are done by Directorate of Technical Education; Govt. of M.P., Bhopal. The entire process of admission is mentioned in MET rules issued by Professional Exam Board, Govt. of M.P. Bhopal. For more details visit website: http://www.mponline.gov.in/, http://dtempcounselling.org"]
        },
        {"tag": "admission process ME/M.Tech ",
         "patterns": ["admission process ME/M.Tech","how to take admission in ME/M.Tech","tell me process of admission in ME/M.Tech"],
         "responses": ["Admissions in M.E. courses are done by Directorate of Technical Education, Bhopal as per GATE or Non-GATE rules issued by M.P. Professional Examination Board(MPPEB) Bhopal. for more details visit website: http://www.mponline.gov.in/, http://dtempcounselling.org"]
        },
        {"tag": "Scholarship Schemes",
         "patterns": ["what is scholarship Scheme","scholarhip schemes offered by sdbct"," available scholarhip schemes","how many schemes offered for scholarship"],
         "responses": ["For eligible candidates, scholarship is available as per Govt Norms.(SC/ST/OBC/Minority/Trust) Institutes facilitates and provides necessary certificates to students."]
        },
        {"tag": " ",
         "patterns": [" ","........","@#$%","ndjkjtks"],
         "responses": ["Invalid input","can't understand what are saying","please say something meaningful"]
        },
        {"tag": "departments",
         "patterns": ["how many departments are there ","about departments"],
         "responses": ["There are departments as per branches"]
        },
        {"tag": "staff",
         "patterns": ["about staff ","staff members"],
         "responses": ["SDBCT Have good staff"]
        },
        {"tag": "faculties",
         "patterns": ["about faculties ","faculty members"],
         "responses": ["SDBCT has best faculty members who are always ready to help students in every aspect of campus life."]
        },
        {"tag": "Ragging",
         "patterns": ["what about Ragging ","is ragging is there"],
         "responses": ["There is no form of ragging here in SDBCT"]
        }




    ]          
}
